Domain,Status,Attractiveness,Demand,Length,Sectors,Created,Expires,Registrar
flat.events,available,116,24%,4,"Construction,Real Estate",,,
tenth.events,available,116,7%,5,Mathematics,,,
zero.events,available,112,49%,4,Mathematics,,,
eight.events,available,102,23%,5,"General,Mathematics",,,
sixth.events,available,100,8%,5,Mathematics,,,
eighth.events,available,100,6%,6,Mathematics,,,
third.events,available,100,16%,5,Mathematics,,,
crack.events,available,100,20%,5,Sports,,,
nought.events,available,92,4%,6,Mathematics,,,
twentieth.events,available,92,3%,9,Mathematics,,,
leash.events,available,90,7%,5,"General,Health and Fitness,Retail",,,
ace.events,available,88,34%,3,Sports,,,
sixteen.events,available,88,11%,7,Mathematics,,,
fifteen.events,available,88,13%,7,Mathematics,,,
twelve.events,available,88,18%,6,"General,Mathematics",,,
xix.events,available,86,11%,3,Mathematics,,,
xiv.events,available,86,12%,3,Mathematics,,,
cipher.events,available,86,29%,6,Mathematics,,,
thousand.events,available,84,8%,8,Mathematics,,,
thirteen.events,available,84,10%,8,Mathematics,,,
fourteen.events,available,84,8%,8,Mathematics,,,
nineteen.events,available,84,8%,8,Mathematics,,,
twentyone.events,available,84,13%,10,Mathematics,,,
seventeen.events,available,84,7%,9,Mathematics,,,
twentytwo.events,available,84,11%,10,Mathematics,,,
dozen.events,available,82,10%,5,Mathematics,,,
fivesome.events,available,82,1%,8,Sports,,,
nine.events,available,80,24%,4,"General,Mathematics",,,
twenty.events,available,80,12%,6,Mathematics,,,
forty.events,available,80,9%,5,Mathematics,,,
trio.events,available,80,21%,4,Entertainment,,,
first.events,resell,80,36%,5,"General,Mathematics",22/07/2021 10:07,22/07/2028 10:07,Squarespace Domains II LLC
two.events,available,80,24%,3,Mathematics,,,
seventh.events,available,80,10%,7,Mathematics,,,
sixtynine.events,available,78,8%,10,Mathematics,,,
twentysix.events,available,78,8%,10,Mathematics,,,
threed.events,available,76,7%,7,Technology,,,
thirteenth.events,available,76,4%,10,Mathematics,,,
hundredth.events,available,76,1%,9,Mathematics,,,
fourteenth.events,available,76,1%,10,Mathematics,,,
eighteen.events,available,76,7%,8,Mathematics,,,
nineteenth.events,available,76,3%,10,Mathematics,,,
fifteenth.events,available,76,2%,9,Mathematics,,,
thousandth.events,available,76,1%,10,Mathematics,,,
firstrate.events,available,76,6%,10,Business,,,
single.events,expiring,74,19%,6,Sports,09/09/2015 16:00,09/09/2025 16:00,Vautron Rechenzentrum AG
seventieth.events,available,72,1%,10,Mathematics,,,
trey.events,available,72,14%,4,Sports,,,
eightieth.events,available,72,1%,9,Mathematics,,,
ternary.events,available,72,7%,7,Mathematics,,,
ninetieth.events,available,72,1%,9,Mathematics,,,
trinity.events,available,72,18%,7,Religion,,,
sixtieth.events,available,72,1%,8,Mathematics,,,
octonary.events,available,68,1%,8,Mathematics,,,
septenary.events,available,68,1%,9,Mathematics,,,
fiftieth.events,available,68,0%,8,Mathematics,,,
foursome.events,available,68,4%,8,Sports,,,
threesome.events,available,68,5%,9,Entertainment,,,
ennead.events,available,68,5%,6,Mathematics,,,
sevener.events,available,68,1%,7,Mathematics,,,
fortieth.events,available,68,0%,8,Mathematics,,,
thirtieth.events,available,68,1%,9,Mathematics,,,
xvi.events,available,66,5%,3,Mathematics,,,
thirty.events,available,66,8%,6,Mathematics,,,
eighty.events,available,66,6%,6,Mathematics,,,
ninety.events,available,66,11%,6,Mathematics,,,
xxii.events,available,66,6%,4,Mathematics,,,
clv.events,available,66,10%,3,Mathematics,,,
tenner.events,available,66,5%,6,Finance,,,
xvii.events,available,66,5%,4,Mathematics,,,
xxvi.events,available,66,3%,4,Mathematics,,,
deuce.events,available,66,9%,5,Sports,,,
xxv.events,available,66,6%,3,Mathematics,,,
onec.events,available,66,6%,5,Mathematics,,,
xii.events,available,66,10%,3,Mathematics,,,
sextet.events,available,66,1%,6,Entertainment,,,
xviii.events,available,66,5%,5,Mathematics,,,
acappella.events,available,66,6%,10,Entertainment,,,
xiii.events,available,66,9%,4,Mathematics,,,
xxi.events,available,66,10%,3,Mathematics,,,
century.events,available,66,17%,7,Education,,,
fifty.events,available,66,12%,5,Mathematics,,,
eleventh.events,available,62,5%,8,Mathematics,,,
troika.events,available,62,8%,6,Politics,,,
chiliad.events,available,62,2%,7,Mathematics,,,
longdozen.events,available,62,2%,10,Mathematics,,,
quartet.events,available,62,7%,7,"Arts,Entertainment",,,
twodozen.events,available,62,1%,9,Mathematics,,,
sixteenth.events,available,62,1%,9,Mathematics,,,
eighteenth.events,available,62,1%,10,Mathematics,,,
fortyfour.events,available,62,6%,10,Mathematics,,,
xcl.events,available,60,5%,3,Mathematics,,,
cxxxv.events,available,60,2%,5,Mathematics,,,
thou.events,available,60,7%,4,Mathematics,,,
clxx.events,available,60,3%,4,Mathematics,,,
eightysix.events,available,60,7%,10,Mathematics,,,
cxv.events,available,60,4%,3,Mathematics,,,
cxl.events,available,60,7%,3,Mathematics,,,
clxv.events,available,60,1%,4,Mathematics,,,
cxxx.events,available,60,4%,4,Mathematics,,,
tertiary.events,available,60,4%,8,Education,,,
cxx.events,available,60,10%,3,Mathematics,,,
clx.events,available,60,10%,3,Mathematics,,,
clxxv.events,available,60,1%,5,Mathematics,,,
cxlv.events,available,60,2%,4,Mathematics,,,
clxxx.events,available,60,1%,5,Mathematics,,,
cxxv.events,available,60,1%,4,Mathematics,,,
eighter.events,available,58,2%,7,Mathematics,,,
hexad.events,available,58,4%,5,Mathematics,,,
seven.events,resell,58,36%,5,Mathematics,29/06/2024 15:15,29/06/2026 15:15,"Spaceship, Inc."
fifth.events,available,58,12%,5,Mathematics,,,
sextuplet.events,available,58,1%,9,Healthcare,,,
fourscore.events,available,58,4%,9,Mathematics,,,
sixtyone.events,available,58,3%,9,Mathematics,,,
cypher.events,available,58,29%,6,Mathematics,,,
lxxx.events,available,58,2%,4,Mathematics,,,
centesimal.events,available,58,1%,10,Mathematics,,,
pentad.events,available,58,2%,6,Mathematics,,,
twelfth.events,available,58,2%,7,Mathematics,,,
fourth.events,available,58,13%,6,Mathematics,,,
niner.events,available,58,5%,5,Mathematics,,,
heptad.events,available,58,1%,6,Mathematics,,,
alacarte.events,available,58,11%,10,Food and Beverage,,,
octad.events,available,58,5%,5,Mathematics,,,
tetrad.events,available,58,5%,6,Mathematics,,,
sixer.events,available,58,5%,5,Sports,,,
xxxii.events,available,56,1%,5,Mathematics,,,
xlviii.events,available,56,1%,6,Mathematics,,,
aone.events,available,56,15%,5,Food and Beverage,,,
fiftyfive.events,available,56,7%,10,Mathematics,,,
fortyone.events,available,56,4%,9,Mathematics,,,
fortynine.events,available,56,3%,10,Mathematics,,,
xliv.events,available,56,2%,4,Mathematics,,,
xlii.events,available,56,5%,4,Mathematics,,,
fiftysix.events,available,56,4%,9,Mathematics,,,
xxxiv.events,available,56,1%,5,Mathematics,,,
xxxv.events,available,56,4%,4,Mathematics,,,
xxxiii.events,available,56,2%,6,Mathematics,,,
xxxvi.events,available,56,1%,5,Mathematics,,,
thirtysix.events,available,56,5%,10,Mathematics,,,
halfdozen.events,available,56,1%,10,Mathematics,,,
xli.events,available,56,5%,3,Mathematics,,,
lviii.events,available,56,1%,5,Mathematics,,,
liii.events,available,56,4%,4,Mathematics,,,
fortytwo.events,available,56,17%,9,Mathematics,,,
ilx.events,available,56,5%,3,Mathematics,,,
xxxvii.events,available,56,2%,6,Mathematics,,,
lvii.events,available,56,1%,4,Mathematics,,,
fiftyfour.events,available,56,3%,10,Mathematics,,,
xxxviii.events,available,56,1%,7,Mathematics,,,
fiftytwo.events,available,56,6%,9,Mathematics,,,
xxiv.events,available,56,5%,4,Mathematics,,,
thirtytwo.events,available,56,5%,10,Mathematics,,,
xliii.events,available,56,1%,5,Mathematics,,,
xlvii.events,available,56,2%,5,Mathematics,,,
thirtyone.events,available,56,5%,10,Mathematics,,,
lii.events,available,56,7%,3,Mathematics,,,
fortysix.events,available,56,3%,9,Mathematics,,,
xxiii.events,available,56,5%,5,Mathematics,,,
xlv.events,available,56,6%,3,Mathematics,,,
xxvii.events,available,56,3%,5,Mathematics,,,
fiftynine.events,available,56,4%,10,Mathematics,,,
lvi.events,available,56,8%,3,Mathematics,,,
xxxi.events,available,56,9%,4,Mathematics,,,
xxviii.events,available,56,1%,6,Mathematics,,,
xxix.events,available,56,4%,4,Mathematics,,,
xlvi.events,available,56,3%,4,Mathematics,,,
fiftyone.events,available,56,7%,9,Mathematics,,,
quaternion.events,available,54,6%,10,Mathematics,,,
viii.events,available,54,6%,4,Mathematics,,,
twoscore.events,available,54,2%,8,Mathematics,,,
quaternity.events,available,54,4%,10,Mathematics,,,
fortyfive.events,available,54,4%,10,Mathematics,,,
deuceace.events,available,54,2%,9,Sports,,,
quatern.events,available,54,2%,7,Mathematics,,,
threescore.events,available,54,1%,10,Mathematics,,,
eightyone.events,available,52,3%,10,Mathematics,,,
lxxxi.events,available,52,1%,5,Mathematics,,,
xciii.events,available,52,1%,5,Mathematics,,,
lxxxvi.events,available,52,1%,6,Mathematics,,,
lxv.events,available,52,5%,3,Mathematics,,,
lxviii.events,available,52,1%,6,Mathematics,,,
lxi.events,available,52,5%,3,Mathematics,,,
xcviii.events,available,52,1%,6,Mathematics,,,
xcvi.events,available,52,2%,4,Mathematics,,,
xcvii.events,available,52,1%,5,Mathematics,,,
lxxv.events,available,52,1%,4,Mathematics,,,
lxiii.events,available,52,2%,5,Mathematics,,,
xciv.events,available,52,2%,4,Mathematics,,,
ninetyone.events,available,52,5%,10,Mathematics,,,
ixc.events,available,52,5%,3,Mathematics,,,
lxxi.events,available,52,1%,4,Mathematics,,,
sixtyfour.events,available,52,3%,10,Mathematics,,,
lxxiv.events,available,52,1%,5,Mathematics,,,
lxxiii.events,available,52,1%,6,Mathematics,,,
lxiv.events,available,52,3%,4,Mathematics,,,
sixtyfive.events,available,52,3%,10,Mathematics,,,
lxxxii.events,available,52,1%,6,Mathematics,,,
xci.events,available,52,4%,3,Mathematics,,,
lxxvii.events,available,52,2%,6,Mathematics,,,
lxxxiii.events,available,52,1%,7,Mathematics,,,
ninetytwo.events,available,52,4%,10,Mathematics,,,
lxvii.events,available,52,1%,5,Mathematics,,,
lxxxv.events,available,52,1%,5,Mathematics,,,
sixtytwo.events,available,52,3%,9,Mathematics,,,
lxxvi.events,available,52,1%,5,Mathematics,,,
lxxxvii.events,available,52,1%,7,Mathematics,,,
lxii.events,available,52,1%,4,Mathematics,,,
xcii.events,available,52,2%,4,Mathematics,,,
lxvi.events,available,52,3%,4,Mathematics,,,
ixl.events,available,52,9%,3,Mathematics,,,
sixtysix.events,available,52,4%,9,Mathematics,,,
xcv.events,available,52,7%,3,Mathematics,,,
lxxii.events,available,52,1%,5,Mathematics,,,
lxxxiv.events,available,52,1%,6,Mathematics,,,
triplet.events,available,50,8%,7,Science,,,
cinque.events,available,50,7%,6,Mathematics,,,
lxx.events,available,50,5%,3,Mathematics,,,
ogdoad.events,available,50,1%,6,Mathematics,,,
lxxxviii.events,available,48,1%,8,Mathematics,,,
quaternary.events,available,46,3%,10,Mathematics,,,